yash:-Yash@1234
yashgoyani:-yash@1234A
romil:-romil@1234A
meet:-meet@1234A
ayush:-Ayush_1234
rudra:-rudra$1234A
dhruvik:-dhruvik@123A
akhil:-akhil_1234K
mohit:-mohit@1234A
arvind:-arvind@123A
harnish:-harnish@123A
